dataset,guide,seq,modFreq,db,position,seq_43nt,longSeq100Bp,chariRank,chariRaw,crisprScan,doench,drsc,finalGc6,finalGg,fusi,mh,oof,ssc,wang,wangOrig,wuCrispr,Xue_DeepCas9_HL60_score,Xue_DeepCas9_mEL4_score,Xue_DeepCas9_293T_score,Xue_DeepCas9_score,DeepCRISPR
chari2015Valid_A549,PODNL1,GCAACCGGCGGAAGGCCCGGTGG,3.407984421,hg19,chr19:14043804-14043904:+,CGCAGGGCACGCAACCGGCGGAAGGCCCGGTGGTGCACACGGG,TCCCTGCCAGGTCGAGGCTGCGCAGGGCACGCAACCGGCGGAAGGCCCGGTGGTGCACACGGGCGCTGGCCAGGCGGTTATAGGCCAGGTTAAGCTCCGT,99,3.2402511,67,59,4.90784,1,1,0.6422820008,7757,53,0.632898,0.9376725,0.9594792607,81,1.0229743719,1.1956193447,1.2161984444,1.1154705882,0.5009080172
chari2015Valid_A549,SLC12A8,GCTGCCCGATTACAGCCCGGGGG,3.907210226,hg19,chr3:124854510-124854610:-,AGAACAACACGCTGCCCGATTACAGCCCGGGGGAATCTTTTTT,ATATTCACCCGAACTGCTACAGAACAACACGCTGCCCGATTACAGCCCGGGGGAATCTTTTTTCACTGTCTTTGGGGTTTTCTTCCCAGCGGCTACAGGT,99,3.2380195,70,81,5.09221,1,1,0.7930856658,2581,61,0.852107,0.9320218,0.9508275762,91,0.926294446,1.3851673603,1.0753860474,1.0627965093,0.5361337066
chari2015Valid_A549,CACNA1E,GCAGGACACGCACAGCCCGGAGG,2.014104188,hg19,chr1:181546905-181547005:-,TTCAAAGGCCGCAGGACACGCACAGCCCGGAGGGTCCTCAGGT,TAGGTATCCCTGACACGAGCTTCAAAGGCCGCAGGACACGCACAGCCCGGAGGGTCCTCAGGTCCACGTGAGTATTGAAGTGGGTTCCTGCAGTGGCCAG,99,3.217199,64,42,4.38029,1,1,0.6488418516,4782,53,1.073211,0.9472381,0.9597901363,85,0.9835605621,1.155901432,1.3613923788,1.1313782811,0.2150095105
chari2015Valid_A549,ABHD11,GCAAAAAGACGACGGCCGGGAGG,2.290670962,hg19,chr7:73152698-73152798:+,AAGAGCCCGTGCAAAAAGACGACGGCCGGGAGGGCTGCCTCCC,TGAAGTTAGTTTTGCTGCCGAAGAGCCCGTGCAAAAAGACGACGGCCGGGAGGGCTGCCTCCCCGTCCAGAAGCCTGTAGGAAAGCGGAAGCGGCCTGGC,99,3.202496,38,66,5.96976,1,1,0.602203658,5404,59,0.518344,0.887245,0.885793949,0,0.843159318,0.9494556189,1.0851659775,0.937020576,0.5294649601
chari2015Valid_A549,FMN2,GCTAGGCAAGCACGGCAAGGGGG,8.134342846,hg19,chr1:240255510-240255610:+,GCAAGAAGGCGCTAGGCAAGCACGGCAAGGGGGGAGGGGGCGG,CACAAAGAAGGGGAGCGGGGGCAAGAAGGCGCTAGGCAAGCACGGCAAGGGGGGAGGGGGCGGCGGCGGCGGCGGGGAGTCGGGCAAGAAGAAGAGCAAG,99,3.169282,61,25,4.20295,1,1,0.612498532,11051,60,0.665827,0.841958,0.8694226852,78,1.0856304169,0.8226686716,1.0827428102,1.0321717858,0.1792131364
chari2015Valid_A549,C14orf182,ATGTAATCTTTCTTCGGTTTGGG,0.611461745,hg19,chr14:50473657-50473757:-,TGGACTGGAAATGTAATCTTTCTTCGGTTTGGGGCTGAGAACT,GGATACTTGGGATTAGAAACTGGACTGGAAATGTAATCTTTCTTCGGTTTGGGGCTGAGAACTGGGGATTAGTAGGATTTTGAGTTTATGGCACAGCCTT,0,-3.2232561,51,1,5.87029,0,0,0.2714587287,4633,65,-0.702026,0.155145,0.0684968041,0,-0.0556637347,-0.1942828596,-0.160625875,-0.1148762017,0.1479114294
chari2015Valid_A549,CRISPLD2,ATCTCGTCCGTTTCAGGTTTTGG,1.306917191,hg19,chr16:84900469-84900569:-,CACCTCATTCATCTCGTCCGTTTCAGGTTTTGGAGTGTAGGTT,TCAGGAATGGGAGCCGTTTCCACCTCATTCATCTCGTCCGTTTCAGGTTTTGGAGTGTAGGTTTCTTCTTAACATTGGAGAGGGAGGAAAAAAAATAACA,0,-3.2387107,54,4,3.80396,0,0,0.1660333066,4313,57,-0.767846,0.176305,0.1018278747,0,-0.2216757238,-0.1183640063,-0.3387407959,-0.2361329019,0.1823954433
chari2015Valid_A549,SF3B3,CTCTGGTCGAATTGTTATTTTGG,3.835010674,hg19,chr16:70562923-70563023:+,TTGGCAGTGACTCTGGTCGAATTGTTATTTTGGAATACCAGCC,CACCAAAGACTACATTGTAGTTGGCAGTGACTCTGGTCGAATTGTTATTTTGGAATACCAGCCATCTAAGAATATGTTTGAGAAGATTCACCAAGAAACC,0,-3.2978928,19,0,4.91925,0,0,0.1639443205,2972,77,-0.890191,0.104498,0.0590897408,0,-0.2240611613,-0.0819637775,-0.2233401835,-0.1954253912,0.3868528605
chari2015Valid_A549,FN3K,TGGCAATCGCCTTGATGTTTGGG,0.408237558,hg19,chr17:80708407-80708507:+,GAGTTTGAACTGGCAATCGCCTTGATGTTTGGGGGGTTCCCCA,CTTCCTTCTATGGCCATTCCGAGTTTGAACTGGCAATCGCCTTGATGTTTGGGGGGTTCCCCAGATCCTTCTTCACCGCCTACCACCGGAAGATCCCCAA,0,-3.3036611,47,0,6.177,0,0,0.2515240145,3360,53,-0.733888,0.201818,0.1574960038,0,-0.1015868187,-0.1207648516,-0.1844080389,-0.1302687913,0.1724513173
chari2015Valid_A549,GSAP,CTGGTATTGGATTGTTGTTCTGG,0.461231613,hg19,chr7:76984618-76984718:-,GTCAGGGTCCCTGGTATTGGATTGTTGTTCTGGAAAGCTCTAT,CATTGCCCTTTACAGTCATTGTCAGGGTCCCTGGTATTGGATTGTTGTTCTGGAAAGCTCTATAGAGCACTGCTCAGCCAGTCGTCTTTATTACAGCTTC,0,-3.4836728,29,0,5.52699,0,0,0.3486020584,2626,80,-0.795215,0.173249,0.1002626236,0,-0.0283250213,-0.2644135058,-0.2332022488,-0.1370058864,0.1506147683
