dataset,guide,seq,modFreq,db,position,seq_43nt,longSeq100Bp,chariRank,chariRaw,crisprScan,doench,drsc,finalGc6,finalGg,fusi,housden,mh,oof,ssc,wang,wangOrig,wuCrispr,Xue_DeepCas9_HL60_score,Xue_DeepCas9_mEL4_score,Xue_DeepCas9_293T_score,Xue_DeepCas9_score,DeepCRISPR
ghandi2016_ci2,Bmp24-1,GCTGCATAATACGCGGGACCTGG,0,ci2,chr04q:1812468-1812568:-,TTGTACAGGTGCTGCATAATACGCGGGACCTGGAAGTCTTTTT,AGTAGTCGCCCATGTGCGCCTTGTACAGGTGCTGCATAATACGCGGGACCTGGAAGTCTTTTTCCGGCGTGGGCCTTCGCTTAAGCCCGAACATGTTCAA,46,-0.33235856,35,5,5.9,1,0,51,5.9,3980,47,-0.229558,63,0.6826903775,0,0.8935372829,0.216726616,0.3619701862,0.5987050205,0.2281867862
ghandi2016_ci2,Bmp24-2,GCTAGAAGTTATCACCACGAAGG,24,ci2,chr04q:1812621-1812721:+,GGTTAACACTGCTAGAAGTTATCACCACGAAGGTAAGGACTGT,CATGAAGATATTGCGAGCCGGGTTAACACTGCTAGAAGTTATCACCACGAAGGTAAGGACTGTTTTACATTGTCATATATAGGAATGTGTTATAAACAGG,92,1.0883059,54,65,4.7,1,0,72,4.7,3453,64,0.576711,85,0.840858846,90,1.198050499,0.9685614109,0.868604064,1.0533187509,0.3923833966
ghandi2016_ci2,Bmp24-3,GATGTGGTTGCTCGGCATCCCGG,12,ci2,chr04q:1814280-1814380:-,ATCGTAGCCGGATGTGGTTGCTCGGCATCCCGGGGTAATGCTC,CGGCATCGTACTGATGTCAAATCGTAGCCGGATGTGGTTGCTCGGCATCCCGGGGTAATGCTCCTCGTTATCTGTAGGAAAGATTCATGATTTACAAAAG,45,-0.35568677,63,1,4.7,1,0,41,4.7,4857,73,-0.22192,42,0.2595539489,0,0.6835807562,0.2241321206,0.1742383093,0.438888295,0.1310698241
ghandi2016_ci2,Bmp24-4,AGAGCTTCTCCTGCATCGAGAGG,37,ci2,chr04q:1814373-1814473:+,TCGGCGCTGCAGAGCTTCTCCTGCATCGAGAGGCAGTGTGGCA,GATGCCGAGTGAAGAGGTTATCGGCGCTGCAGAGCTTCTCCTGCATCGAGAGGCAGTGTGGCATCATGTAACATCAGGCCAAGGCCACATGCATCGCTTG,57,-0.074566941,59,62,6.7,0,0,62,6.7,4166,57,0.628217,80,0.8847121241,76,0.7505970001,0.8451706171,0.8775838614,0.8076077819,0.2405116409
ghandi2016_ci2,Ddr-1,ACTACAGCACAAATAGATACAGG,3,ci2,chr09q:3259633-3259733:+,GGTACAACCGACTACAGCACAAATAGATACAGGTAAGATGGAA,TTCTGTCTTCTGCTGTCAGAGGTACAACCGACTACAGCACAAATAGATACAGGTAAGATGGAAATACTTTTGTTGATTTTATTAAAGTTTTGGTTGATTT,42,-0.43055846,22,30,8.5,0,0,52,8.5,3015,53,0.233683,55,0.5108490813,0,0.9409285784,0.8943300247,0.3356537521,0.7500264198,0.1692578197
ghandi2016_ci2,Ddr-2,GCAATGCTATCCATTGGGGCAGG,42,ci2,chr09q:3263364-3263464:-,TGTTTGTCCAGCAATGCTATCCATTGGGGCAGGTATGTCATAC,TACTTTGTGTTTCTGGTGTTTGTTTGTCCAGCAATGCTATCCATTGGGGCAGGTATGTCATACGATACCAATCCAGCTACAAAGTAAAAAAACATAAATT,61,0.021513049,33,57,5.5,1,0,58,5.5,3567,59,0.416069,77,0.68257818,0,0.6297997832,0.6182918549,0.2280439436,0.5069714457,0.1686380208
ghandi2016_ci2,Ddr-3,TGAGCGTCCGCAGTTGTCGCTGG,3,ci2,chr09q:3266477-3266577:-,CCATGTGGTCTGAGCGTCCGCAGTTGTCGCTGGTTCTACTGTA,CGATATTGGTTCTAATGTCACCATGTGGTCTGAGCGTCCGCAGTTGTCGCTGGTTCTACTGTACGAATACCTCAGTGGTGTCTATATGGAAAATAAGTGA,41,-0.453988,24,5,6,1,0,48,6,3953,72,0.003217,69,0.625674821,0,0.3814749122,0.263489902,0.2460306734,0.3172446385,0.1797102392
ghandi2016_ci2,Ddr-4,TCATCCACTGGTGCAGGGGTTGG,46,ci2,chr09q:3266556-3266656:+,GAGGCAATCTTCATCCACTGGTGCAGGGGTTGGTGTGATGGAT,GTGACATTAGAACCAATATCGAGGCAATCTTCATCCACTGGTGCAGGGGTTGGTGTGATGGATAGCAAACCACCAATGCCAATTTACCAAGAGGTTCGTG,10,-1.3518792,68,18,4.9,1,0,46,4.9,5079,61,0.171199,62,0.5856364243,0,0.9964501858,0.2365567535,0.2776647806,0.6288358778,0.2815650404
ghandi2016_ci2,Ddr-5,ATGAGCCTTATGTCTCTGCATGG,32,ci2,chr09q:3268992-3269092:+,AGACGAAATGATGAGCCTTATGTCTCTGCATGGTGATAAGCCG,CATCATATATTTCAATTTGCAGACGAAATGATGAGCCTTATGTCTCTGCATGGTGATAAGCCGCCCGAGTTTCCTCGTGAGAAGCTGGAAGTAGTTGAGC,27,-0.78688242,45,29,4.2,0,0,66,4.2,4039,74,-0.589984,37,0.3135469369,0,0.2936788499,0.842023015,0.3728848398,0.4271094799,0.4390366077
ghandi2016_ci2,Ebf-1,GTACGACAGACAAGGGCAGCCGG,24,ci2,scaffold_186:66898-66998:-,TGCTTGCCCTGTACGACAGACAAGGGCAGCCGGTGGAAATTGA,AAGCAACTTTTTCCACTTCGTGCTTGCCCTGTACGACAGACAAGGGCAGCCGGTGGAAATTGAGCGAAGTGCTTTCGTAGGATTTGTGGAAAACGAAACC,85,0.73692146,44,30,5.5,1,0,57,5.5,4190,70,0.193765,61,0.6418492148,0,0.6721558571,0.6848801374,0.7268636227,0.6911130428,0.1192100197
ghandi2016_ci2,Ebf-2,TGCATCCATCCTCTCACTGCTGG,4,ci2,scaffold_186:68497-68597:+,TAACGTTGTTTGCATCCATCCTCTCACTGCTGGCCCCGATAAC,TACTTTGGCATCGGTTCCACTAACGTTGTTTGCATCCATCCTCTCACTGCTGGCCCCGATAACTGAGGTCCCGCCATTGTTGCCATTTGGATATTACTTA,22,-0.92764105,5,1,8.7,1,0,39,8.7,4084,57,0.079952,46,0.4613304009,0,0.7602943182,0.1377457827,0.2469397187,0.4817782313,0.2263187319
ghandi2016_ci2,Ebf-3,GCTGAGGGTTGGACAACAGGTGG,37,ci2,scaffold_186:61229-61329:-,AATCAACCCAGCTGAGGGTTGGACAACAGGTGGAGCAACAGTT,GCTTCGCCAACTATCAAAGCAATCAACCCAGCTGAGGGTTGGACAACAGGTGGAGCAACAGTTGTTATAGTTGGAGAAAATTTCTTTGACGGGCTTCAAG,95,1.3678289,71,70,4.5,0,1,61,4.5,4627,39,1.057246,92,0.9290292545,86,1.2418631315,1.2333958149,1.2962127924,1.2564745665,0.1648269296
ghandi2016_ci2,Ebf-4,GTTGGAGAAAATTTCTTTGACGG,0,ci2,scaffold_186:61190-61290:-,AGTTGTTATAGTTGGAGAAAATTTCTTTGACGGGCTTCAAGTT,TGGACAACAGGTGGAGCAACAGTTGTTATAGTTGGAGAAAATTTCTTTGACGGGCTTCAAGTTGTGTTTGGTTCAATGGTTGTGTGGAGTGAGGTAAGAA,29,-0.75083172,26,11,7.3,0,0,46,7.3,4084,56,0.117864,56,0.4801251999,0,0.2611261606,0.7290320992,0.4551275671,0.4129077703,0.0901198834
ghandi2016_ci2,Eph-a-2,CGGCTGCAATCGTATCAACCTGG,34,ci2,chr01p:1629864-1629964:-,AACCGTTCATCGGCTGCAATCGTATCAACCTGGACATGATGTA,CTACTCGTGTGTCAGGCTTAAACCGTTCATCGGCTGCAATCGTATCAACCTGGACATGATGTAAAAATGTGATTAAACGTTGAATGAATGGATGTTGCTT,27,-0.79976332,27,10,3.4,0,0,54,3.4,3323,59,-0.276279,47,0.5575047241,0,0.5584743023,0.7086068988,0.3085081279,0.5135109693,0.1450115442
ghandi2016_ci2,Eph-a-3,GAATTGGGGACACATTGTCCTGG,37,ci2,chr01p:1630595-1630695:-,CATCGTCGCTGAATTGGGGACACATTGTCCTGGAACGTCGACA,AGTTTACCTTTTGTGTTTTTCATCGTCGCTGAATTGGGGACACATTGTCCTGGAACGTCGACAAGTGACGTCATCATAGGGCCGGATACGGTTGGGGGGA,40,-0.47725388,30,1,4.4,0,0,55,4.4,4203,73,0.08644,83,0.8630502606,0,0.9402008057,0.4531221986,0.0149036348,0.565195933,0.3416811228
ghandi2016_ci2,Ets-b-1,AATATCTCGCCCACAAATGGAGG,9,ci2,chr10p:1585574-1585674:+,ATGCTCCCACAATATCTCGCCCACAAATGGAGGACAAAGATGC,CCTGACTGCAACCTATCAAGATGCTCCCACAATATCTCGCCCACAAATGGAGGACAAAGATGCAAAAAGCTCTCCTTCCTCAGACTGCACATCATTGATC,71,0.28901304,37,32,6.5,0,1,62,6.5,3808,61,0.707116,88,0.9366174218,71,0.9658515453,0.9660658836,0.6282098293,0.8646018982,0.403476119
ghandi2016_ci2,Ets-b-2,CATCTTGATAGGTTGCAGTCAGG,5,ci2,chr10p:1585527-1585627:-,ATTGTGGGAGCATCTTGATAGGTTGCAGTCAGGTAATTGGAGA,CCTCCATTTGTGGGCGAGATATTGTGGGAGCATCTTGATAGGTTGCAGTCAGGTAATTGGAGAAATTTTATGTTCTGTTGTTTCTCCAATTTATGTTCTG,49,-0.26888002,43,7,5.9,1,0,52,5.9,4342,72,-0.257841,23,0.1354511473,0,0.0133954585,0.3795118034,0.3335617185,0.1826686054,0.115693897
ghandi2016_ci2,Ets-b-3,GGAGTGGTCCAATCCAACTGTGG,38,ci2,chr10p:1583415-1583515:-,CTTATTTCAGGGAGTGGTCCAATCCAACTGTGGCAGTTCCTTA,AACATTTTGTAAACAGAGTTCTTATTTCAGGGAGTGGTCCAATCCAACTGTGGCAGTTCCTTATTGAGTTACTGACAGATAGATCTTGCCAACACTTCGT,88,0.90392671,55,58,6.8,0,0,73,6.8,3651,62,0.711244,93,0.948194469,0,1.5003281832,1.2575833797,0.7641085386,1.2309133291,0.2179792821
ghandi2016_ci2,Ets-b-4,TCTTACCTTGCTACTTCATCTGG,0,ci2,chr10p:1583322-1583422:+,TTGGTGTTATTCTTACCTTGCTACTTCATCTGGGTCAATCATC,TGCAACAATATACAAGTTACTTGGTGTTATTCTTACCTTGCTACTTCATCTGGGTCAATCATCTTAAACTCCCAGCCATCCCCAGTCCATGTAACGAAGT,10,-1.3831762,17,0,4.7,0,0,21,4.7,3852,63,-0.556973,14,0.099945172,0,-0.183755964,-0.0849252641,-0.0218569636,-0.1154201239,0.3152649701
ghandi2016_ci2,Ffg46-1,CCCCGCAATTCAGTACCTGTCGG,37,ci2,chr01q:3809809-3809909:+,GAGCTCACATCCCCGCAATTCAGTACCTGTCGGTTTGAACCTG,TTGCCATGTTTCTGCATGTCGAGCTCACATCCCCGCAATTCAGTACCTGTCGGTTTGAACCTGCCATCCTGGCCTGCAGATTCGGCAGTATATAGTCCGT,47,-0.31404974,36,43,6.5,0,0,61,6.5,4072,69,0.200389,44,0.4745214565,0,0.6150103211,0.6850104332,0.6322458982,0.6341810167,0.2568773031
ghandi2016_ci2,Ffg46-2,GAGTCTTTATTCCGTAGCTCGGG,19,ci2,chr01q:3809664-3809764:+,AGATGATTCAGAGTCTTTATTCCGTAGCTCGGGCTGTTTTCCA,CATCGATGTGTTTTGTAATAAGATGATTCAGAGTCTTTATTCCGTAGCTCGGGCTGTTTTCCACAGCAGCAGAAAGAACATCTTTTATTTTGCTGAGTGC,25,-0.84353733,39,36,3.5,0,0,52,3.5,3211,66,-0.325829,64,0.660626315,0,0.3104891777,0.6762008667,-0.0220251977,0.2838772029,0.2098281085
ghandi2016_ci2,Ffg46-3,TCATCTCGGTGGACAATATGTGG,20,ci2,chr01q:3809533-3809633:-,TTTTGTATCTTCATCTCGGTGGACAATATGTGGTTTTCTTAAA,AGCAGATGTTACTCTTGTCGTTTTGTATCTTCATCTCGGTGGACAATATGTGGTTTTCTTAAAAAGACGTTGACGATAGGTTTACTCTTGCTCGTCCTAC,86,0.7963747,45,14,5.2,0,0,50,5.2,3490,73,-0.237747,42,0.3624973639,0,0.9012567997,1.0112291574,0.6625989676,0.8516539216,0.1407060921
ghandi2016_ci2,Ffg46-4,TTGTTCATTTAGGCTTACCATGG,10,ci2,chr01q:3805373-3805473:+,CCCTCGACGCTTGTTCATTTAGGCTTACCATGGCTTTGACTTT,GGCCAAAGCTATAAAACAATCCCTCGACGCTTGTTCATTTAGGCTTACCATGGCTTTGACTTTTCCCCGCTTTGTAACGCAAATGTATCGTGAAGTCGCC,13,-1.2193304,31,19,4.6,0,0,60,4.6,4552,71,0.172595,56,0.4908499492,0,1.0460430384,0.7995597124,0.1041538566,0.7141796187,0.5866310596
ghandi2016_ci2,Fgf81718-1,CCTCGGAGACATAGCCAGCGGGG,39,ci2,chr05q:3707154-3707254:-,GTATCATCGTCCTCGGAGACATAGCCAGCGGGGTAAGTCTACT,GTTTTACAGGTTCTTGCTGGGTATCATCGTCCTCGGAGACATAGCCAGCGGGGTAAGTCTACTTTTGCATACTAAACCACTTGTTCTGTAAAATCCCCGG,95,1.3081304,57,51,7.4,1,0,72,7.4,2872,75,0.364146,60,0.6181870204,87,0.7878184319,1.1400526762,1.2098060846,0.9848615766,0.1400767267
ghandi2016_ci2,Fgf81718-2,AGGACGACTAGTTGGAAAGGTGG,31,ci2,chr05q:3699800-3699900:-,TGAATAAAAGAGGACGACTAGTTGGAAAGGTGGGTTGTGGTGT,AACTGAACGGTTTCTTTGCATGAATAAAAGAGGACGACTAGTTGGAAAGGTGGGTTGTGGTGTGAAATATAGTACGGTGGGGTAAGATAGGGATACCGTT,74,0.36983578,40,6,4.5,0,1,63,4.5,5070,62,0.580303,83,0.8777907086,66,0.7906954288,0.6454133987,0.4189208746,0.6501066566,0.280143261
ghandi2016_ci2,Ffgr-1,ACAACACACGTCTTACCTTCTGG,24,ci2,scaffold_105:119348-119448:+,CACACGGAATACAACACACGTCTTACCTTCTGGGTTTGAAATG,TAGCAGATCTTGGGTTATATCACACGGAATACAACACACGTCTTACCTTCTGGGTTTGAAATGTTTGTTTGAGCAGCTAGCGTTGAAATTGTGTTGAGGG,44,-0.37838921,13,5,5.9,0,0,31,5.9,2221,69,-0.738369,40,0.4186872984,0,-0.0909111202,-0.0426915884,-0.0675653219,-0.0742634743,0.2021173239
ghandi2016_ci2,Ffgr-2,ACAAACGGAGCACCAAAAAGTGG,30,ci2,scaffold_105:117632-117732:-,TTTGTTCGATACAAACGGAGCACCAAAAAGTGGTACGTAAAGA,TATTTAAATTTTTCAGAAGATTTGTTCGATACAAACGGAGCACCAAAAAGTGGTACGTAAAGAAATCTATTTTTTAGGAATAAATTATGTTTCGGTTGAA,98,1.7610526,47,39,3.7,0,0,60,3.7,3725,61,0.753006,84,0.9017386813,0,1.1271569729,0.9538615942,0.8896495104,1.0212456584,0.1722927988
ghandi2016_ci2,Ffgr-3,CTTGAACTGCACATCTAAACTGG,2,ci2,scaffold_105:117148-117248:+,GGTCTTGCACCTTGAACTGCACATCTAAACTGGACAGTGTTAC,TATACCAATCCACGGTGATTGGTCTTGCACCTTGAACTGCACATCTAAACTGGACAGTGTTACCTGCTGGTTCAGCGTGAAGTCGCTTTTGCATCTTCTG,17,-1.0768118,32,8,10,0,0,33,10,3856,60,-0.071474,29,0.1792984089,0,0.1383019239,0.4120026231,0.2032718807,0.2125330508,0.1142460108
ghandi2016_ci2,Ffgr-4,CTACATCCAGTTCGTAAGTATGG,24,ci2,scaffold_105:116798-116898:+,AACCTACCTACTACATCCAGTTCGTAAGTATGGTTGATGGAGC,TTGCAAAATATCGAATGGTAAACCTACCTACTACATCCAGTTCGTAAGTATGGTTGATGGAGCCGTACTTATTATGGGCCACACACATGTACTTAGCACG,26,-0.82095106,48,28,3.3,0,0,35,3.3,2590,69,-0.664581,34,0.4015039688,0,0.3939356804,0.7989187241,0.3603192866,0.464847371,0.1551556587
ghandi2016_ci2,Foxf-1,GCCATTCGCTGCGACCGCTGCGG,29,ci2,chr03q:2558177-2558277:+,GGCTTGTAATGCCATTCGCTGCGACCGCTGCGGCCGCCGCACC,AGTTGGAGACGTTGTTTGTGGGCTTGTAATGCCATTCGCTGCGACCGCTGCGGCCGCCGCACCGTTAAAGAAATGTGCAGAAGCGGCAGCAGCAGCGTTC,96,1.4723846,58,34,5.1,1,0,56,5.1,6045,40,0.460481,78,0.8118520895,0,0.9279538393,1.0248423815,0.4853332043,0.8145453572,0.1839005351
ghandi2016_ci2,Foxf-2,AACTCTGCCCATCCCGCCAAAGG,17,ci2,chr03q:2558111-2558211:-,CAACGTCTCCAACTCTGCCCATCCCGCCAAAGGAACCAGGTAC,TGGCATTACAAGCCCACAAACAACGTCTCCAACTCTGCCCATCCCGCCAAAGGAACCAGGTACCCCACATTCCCCCCACAACCACTCTAACCCCTACTCC,44,-0.38218572,54,7,7.2,1,0,52,7.2,6665,64,0.23457,62,0.628466791,0,0.7183627486,0.7432015538,0.2707032859,0.5890326709,0.2637687325
ghandi2016_ci2,Foxf-3,GACAGCCACCTCGCTTATGAAGG,28,ci2,chr03q:2557768-2557868:-,GACTCCAAGAGACAGCCACCTCGCTTATGAAGGTAAAATTTAA,TACCACCATCCTTTCTACGCGACTCCAAGAGACAGCCACCTCGCTTATGAAGGTAAAATTTAATTATATCCCCCCCTACTTTTTGACGCCAAGGGCCGTC,64,0.097754249,27,9,6.2,0,0,53,6.2,2822,71,-0.118062,59,0.5257951552,0,1.0738530159,0.5491915345,0.4942641854,0.7950440705,0.2794291079
ghandi2016_ci2,Foxf-4,CGTATATATAAGGGGCTCAGCGG,38,ci2,chr03q:2560283-2560383:+,ATTCGTACTACGTATATATAAGGGGCTCAGCGGACATCCTATG,TATATATCGCCAGGCCGGTGATTCGTACTACGTATATATAAGGGGCTCAGCGGACATCCTATGTTTCTACGTAAAAAAGCCAAGTGCTAATTTGCGAATC,83,0.68780481,51,40,5.9,1,0,67,5.9,3795,68,-0.003414,63,0.7004382077,0,0.5695043802,0.9317679405,0.6299638748,0.6600949407,0.1514812857
ghandi2016_ci2,Foxg-r-1,AAGAGAGGTCCCAATACAAAAGG,1,ci2,chr05q:2970883-2970983:+,CCTCCGCCAGAAGAGAGGTCCCAATACAAAAGGCCCCCACACA,CAGCTCGTTTAACCAGTACCCCTCCGCCAGAAGAGAGGTCCCAATACAAAAGGCCCCCACACACATACCCCGCATTAATTGCATCAGCTATTTTGGACAG,73,0.34871621,55,19,6.5,0,0,51,6.5,5685,64,0.464317,66,0.6915583462,80,0.7248206735,0.9285330772,0.1733235568,0.6001140192,0.0917007625
ghandi2016_ci2,Foxg-r-2,GGTTGAGACTGAGATTGTGACGG,38,ci2,chr05q:2971038-2971138:-,ACAAAGCACTGGTTGAGACTGAGATTGTGACGGATTGAGTTCT,AGTGGGTTAGCTTACCTTTTACAAAGCACTGGTTGAGACTGAGATTGTGACGGATTGAGTTCTGCCATGCCGACTTATCGTGGCAGTACTTGTAGTAGGG,54,-0.14905653,29,61,5.2,0,0,70,5.2,4541,71,0.449715,84,0.8796839519,0,0.9977048635,0.8932243586,0.6096268892,0.8603853703,0.0924937576
ghandi2016_ci2,Foxg-r-3,TATTGGACCATGACGAGAGAGGG,10,ci2,chr05q:2971753-2971853:+,CAAGTCAAATTATTGGACCATGACGAGAGAGGGCTTCGAGGAG,CCGAGGTACGAGAACGCGGCCAAGTCAAATTATTGGACCATGACGAGAGAGGGCTTCGAGGAGTTCGGCAACGAGAACAGTTTCAAAAGGAGACGAAGAC,48,-0.27744578,36,51,4.4,0,0,55,4.4,4327,76,0.787295,76,0.7911872568,0,0.981474638,1.0173426867,0.6069610715,0.8762941778,0.1787863076
ghandi2016_ci2,Foxg-r-4,TTCAAAAGGAGACGAAGACGAGG,0,ci2,chr05q:2971804-2971904:+,CGAGAACAGTTTCAAAAGGAGACGAAGACGAGGAGCAGCACTT,GGCTTCGAGGAGTTCGGCAACGAGAACAGTTTCAAAAGGAGACGAAGACGAGGAGCAGCACTTGCGCCCATTTCCGCATACAAAGCTAAAAAATACCAAA,92,1.1212007,31,17,4.5,0,0,58,4.5,4219,76,0.713103,76,0.7683728778,0,1.1073685884,0.6969450116,0.9231607914,0.970021534,0.1635672301
ghandi2016_ci2,Fzd58-1,CTGCGAATGCACTTACCGACTGG,15,ci2,chr09q:1446941-1447041:+,GTATAACATACTGCGAATGCACTTACCGACTGGGCAGCTTCTT,CATCGCAAATATTATTATTAGTATAACATACTGCGAATGCACTTACCGACTGGGCAGCTTCTTTTTGGTCGTATATGTAGCTGGGCGACACGGACATATC,17,-1.0839062,39,25,9.6,1,0,46,9.6,2520,57,0.097896,37,0.3289264601,0,-0.0331995487,0.2361079007,0.161162734,0.078970626,0.0885982364
ghandi2016_ci2,Fzd58-2,TCTTAGTCAAAGGGCCGAATTGG,23,ci2,chr09q:1445034-1445134:+,GCACATTTCGTCTTAGTCAAAGGGCCGAATTGGATCACCTGCG,CAAGCAGTTTCATTTCTTCAGCACATTTCGTCTTAGTCAAAGGGCCGAATTGGATCACCTGCGATAAAATCGGACATTGAATAAATTCATGCACAACAAA,14,-1.1838515,49,12,5.1,0,0,38,5.1,3735,57,-0.247695,41,0.3008627764,0,0.2632697821,0.2960448861,0.0424810052,0.2035881698,0.1268941462
ghandi2016_ci2,Fzd58-3,TACACCCCGATCTGTATACCTGG,29,ci2,chr09q:1444953-1445053:-,GTGTTCTGTTTACACCCCGATCTGTATACCTGGATACCCCGGC,GAAGAAATGAAACTGCTTGTGTGTTCTGTTTACACCCCGATCTGTATACCTGGATACCCCGGCTTTTTACCACCTTGCAGGTCAGTTAAATCATAGGTTT,16,-1.1250495,25,1,5,0,0,56,5,4533,63,-0.870841,24,0.2135943007,0,0.4893577993,0.4948074222,0.0044784844,0.3449839294,0.2836632431
ghandi2016_ci2,Fzd58-4,GGGTCATTCTGTCACTGACTTGG,18,ci2,chr09q:1434912-1435012:-,TTAAACAGGTGGGTCATTCTGTCACTGACTTGGTTCCTCGCGG,TTAAAAGCTAAATCAGGTTATTAAACAGGTGGGTCATTCTGTCACTGACTTGGTTCCTCGCGGCTGGTTTGAAATGGGGAAGCGAAGCCATCGCCAGCTA,4,-1.7292586,32,11,4.6,0,0,47,4.6,4377,64,-0.341073,50,0.3961460062,0,0.4300601482,0.2598305941,-0.0565830171,0.2500212878,0.1055407822
ghandi2016_ci2,Gata456-1,GCTACGGTAGGGGTAGTAGTAGG,43,ci2,scaffold_69:78799-78899:+,CCCCATCGGTGCTACGGTAGGGGTAGTAGTAGGGAACCTCACT,GTAAGTAGCAGTGGGTACTTCCCCATCGGTGCTACGGTAGGGGTAGTAGTAGGGAACCTCACTGGATGGGATGAATCTGGAACGCAAAGGATATTGGTTA,75,0.41383558,51,45,7,0,0,37,7,4741,58,0.149141,57,0.5493098413,0,0.5536619425,0.649230957,0.3731739819,0.5186293572,0.2151768804
ghandi2016_ci2,Gata456-4,ACGTAGAGGCTGACGTCACGAGG,35,ci2,scaffold_69:72838-72938:+,TTTCGTTCTGACGTAGAGGCTGACGTCACGAGGCTGTTGTCCA,CAACGAATGGTGACGTAGTATTTCGTTCTGACGTAGAGGCTGACGTCACGAGGCTGTTGTCCAATAGCGAAGCCGATAGAACGTTGTGGCCGGAGATGGC,88,0.87449054,48,38,7.4,1,0,65,7.4,3604,72,0.372538,58,0.4895786458,86,0.8007968664,0.9928376675,1.0192308426,0.9047352195,0.1358990669
ghandi2016_ci2,Hand-1,CTTTGTATCCGACGGTACGTTGG,35,ci2,chr14p:2849663-2849763:-,TTTTGGAAAGCTTTGTATCCGACGGTACGTTGGGTATACACTT,CGCCAAATGTAGGGTTTTGATTTTGGAAAGCTTTGTATCCGACGGTACGTTGGGTATACACTTTCTAAGGTCGGAAAAAGCCTTGTTGATGCATTCCGTT,55,-0.1166592,22,30,6.6,0,0,52,6.6,3787,63,-0.068706,47,0.4010057005,0,0.5905308723,0.5521541834,-0.053475976,0.3896534801,0.2164167613
ghandi2016_ci2,Hand-2,TCCCGTACAGTCGCCGGTATCGG,30,ci2,chr14p:2849756-2849856:-,ACCCTTTTCCTCCCGTACAGTCGCCGGTATCGGAATGCTTTAA,AGCCTTTAAGTCGGCGCGGAACCCTTTTCCTCCCGTACAGTCGCCGGTATCGGAATGCTTTAATATGTCCGATAGATAAGCAATATAGGAAGACGCCAAA,2,-1.9053777,66,13,5.2,0,0,47,5.2,3225,63,-0.449246,15,0.091171602,0,0.0740751624,-0.0265417099,-0.1014412642,0.00129686,0.2242782563
ghandi2016_ci2,Hand-3,AGGGTTCCGCGCCGACTTAAAGG,5,ci2,chr14p:2849801-2849901:+,CGGGAGGAAAAGGGTTCCGCGCCGACTTAAAGGCTTTGAAATC,TTCCGATACCGGCGACTGTACGGGAGGAAAAGGGTTCCGCGCCGACTTAAAGGCTTTGAAATCCCGCGAACGTAGAAAGGGTTTCAGAAAGGTATACCAA,44,-0.38081905,51,5,7.4,0,0,37,7.4,4770,71,-0.362902,46,0.4735257946,0,-0.0737805963,0.6252714396,0.223038286,0.1550754756,0.3432188928
ghandi2016_ci2,Hand-4,CTACTTCGGTGTAAGTCAATTGG,23,ci2,chr14p:2850770-2850870:-,TAATCGGACCCTACTTCGGTGTAAGTCAATTGGTTCACGCTGG,AGCGAAAATAACTCGGAGAATAATCGGACCCTACTTCGGTGTAAGTCAATTGGTTCACGCTGGGCGAGACCGAGTTGCCCATGGCGTTGAACGCATTTTC,25,-0.85250784,36,17,6.1,0,0,44,6.1,3399,62,-0.377662,16,0.0781148268,0,-0.2316539586,0.5299386978,-0.0624271035,-0.0285673708,0.1198880225
ghandi2016_ci2,Hand-r-1,TGCAACCGAAAACCCACACATGG,12,ci2,chr01q:4071555-4071655:-,TTGAATGCTTTGCAACCGAAAACCCACACATGGTAGCAGGGCC,TTTCAATGAAAGACCGCGCTTTGAATGCTTTGCAACCGAAAACCCACACATGGTAGCAGGGCCTAACTTACAACATTGGGAGGGTAGCGGGGGTTCTTAT,87,0.81971997,32,38,4.8,0,0,67,4.8,3572,69,0.16012,64,0.667449738,72,0.9371279478,0.8565856218,0.9190783501,0.9156046033,0.4458370805
ghandi2016_ci2,Hand-r-2,CAACATTGGGAGGGTAGCGGGGG,21,ci2,chr01q:4071515-4071615:-,GCCTAACTTACAACATTGGGAGGGTAGCGGGGGTTCTTATTAC,AACCCACACATGGTAGCAGGGCCTAACTTACAACATTGGGAGGGTAGCGGGGGTTCTTATTACGACCAAGACTCTCCGGGGTCGTCGGTTGAAGAGCCGT,82,0.64902966,68,16,5.1,1,1,56,5.1,5093,56,0.717748,89,0.8892317068,50,0.8297057152,1.0416841507,0.1956528127,0.6818855315,0.1584291011
ghandi2016_ci2,Hand-r-3,CGAACCCTTGTTTGATAACTTGG,8,ci2,chr01q:4071334-4071434:+,GAGGTTTGTTCGAACCCTTGTTTGATAACTTGGTTCTTCTTGC,AAATTCCTTTCTCTTTTCCTGAGGTTTGTTCGAACCCTTGTTTGATAACTTGGTTCTTCTTGCTGCTCTGTATGGCTAACGTTAGACACATATTGCTGGA,6,-1.6165884,36,1,4.2,0,0,31,4.2,4436,73,-0.675746,22,0.1291523019,0,-0.0454107821,0.470310688,-0.0178469419,0.066002664,0.451785326
ghandi2016_ci2,Hand-r-4,TCATCGTTAATTCTACTCTGTGG,0,ci2,chr01q:4070354-4070454:+,GCGAGCAATTTCATCGTTAATTCTACTCTGTGGTTAAATAAGC,ATTTGATTGACAGATTGGTGGCGAGCAATTTCATCGTTAATTCTACTCTGTGGTTAAATAAGCATTACTAATATATTGCGTATTAAATCTGAAATAATGA,78,0.48728347,26,47,5.4,0,0,63,5.4,3002,71,0.068924,65,0.655172236,0,1.0985738039,1.045561552,0.6755010486,0.9610495269,0.2146686167
ghandi2016_ci2,Htr7-r-1,CAACTCCTGAGTTCTTGAGACGG,58,ci2,scaffold_157:76879-76979:+,GTAATAAAACCAACTCCTGAGTTCTTGAGACGGCGTTCGCATC,GATCAGCCAGCGCTAGGTTTGTAATAAAACCAACTCCTGAGTTCTTGAGACGGCGTTCGCATCTTATGGAGCCGATAATCAACAGATTTCCGATCGACCC,11,-1.3029793,32,12,4.7,0,0,68,4.7,2325,72,0.538153,70,0.7767536898,0,0.7036143541,0.7778462172,0.2022385597,0.5680479884,0.1555301547
ghandi2016_ci2,Htr7-r-2,CTGATCTGGCAATCACAGCATGG,59,ci2,scaffold_157:76815-76915:-,CTAGCGCTGGCTGATCTGGCAATCACAGCATGGTATATGCCGG,GAGTTGGTTTTATTACAAACCTAGCGCTGGCTGATCTGGCAATCACAGCATGGTATATGCCGGTTGTGCTTGCCAATGTTCTGTCGGTAAGTGATATATT,48,-0.29036255,42,18,6.4,0,0,62,6.4,3810,62,0.100107,64,0.6653128601,74,0.7072246075,0.9462337494,0.525752306,0.7005847454,0.1579834223
ghandi2016_ci2,Htr7-r-3,TACACAGAAAGACACTGGGGTGG,43,ci2,scaffold_157:74257-74357:-,AAATTACATTTACACAGAAAGACACTGGGGTGGATTGCATTTA,AACCACGTGTGGATAAACCCAAATTACATTTACACAGAAAGACACTGGGGTGGATTGCATTTATCTGGATTGCGAGTTTCTTGATCGCATTACCATTGAT,96,1.4022607,51,14,4,1,1,67,4,3649,69,0.756565,87,0.8822031337,0,1.091729641,1.0080099106,0.5091787577,0.9002204299,0.138104707
ghandi2016_ci2,Htr7-r-4,TAAGCAAAGGGGGACTCCCTGGG,35,ci2,scaffold_157:73930-74030:+,TCGTTAAACGTAAGCAAAGGGGGACTCCCTGGGTTATAAATGA,ACATGCAAGACATCATCTTTTCGTTAAACGTAAGCAAAGGGGGACTCCCTGGGTTATAAATGACGTATGGTATATTGTGACGTAGGTAAGATGTATATAA,67,0.16387106,68,9,5.9,1,0,58,5.9,3345,61,-0.02308,70,0.7452685472,0,0.800547123,0.4006387591,0.5875276327,0.6566596031,0.1522771269
ghandi2016_ci2,Islet-2,GGATGCGGCAGGGGTCTGTAAGG,43,ci2,scaffold_95:332753-332853:+,ACGCATAGAGGGATGCGGCAGGGGTCTGTAAGGAAAACTTGGT,GTATAGGGGAGCCACATCCTACGCATAGAGGGATGCGGCAGGGGTCTGTAAGGAAAACTTGGTTAAATTTGTTTGTAAATCGTTTATATAGTAAGCTGGG,84,0.71734116,54,7,5.3,0,0,48,5.3,3617,52,-0.579848,43,0.3630924302,0,0.6577298641,0.7406637073,0.6542109251,0.673260951,0.3546757698
ghandi2016_ci2,Lef1-1,AAGAATGCCTCAGTTAAACTCGG,30,ci2,chr06q:123821-123921:-,AGTCGGAGTAAAGAATGCCTCAGTTAAACTCGGATGAAGCTGC,GTACTGGATTACTTGGAGCGAGTCGGAGTAAAGAATGCCTCAGTTAAACTCGGATGAAGCTGCCAATGATGAGCCAAAAACCTATAACGATGAAAGGGTA,31,-0.69949375,35,25,6,0,0,62,6,3362,71,0.183483,70,0.7947786766,0,0.3467425406,0.4888788462,0.0074249208,0.2733745158,0.2388374507
ghandi2016_ci2,Lef1-2,TCGTAAGATTGTCGCCTGTGTGG,43,ci2,chr06q:123684-123784:+,TACCGGAACATCGTAAGATTGTCGCCTGTGTGGGTCTCTGTCT,TTTAAAAGCAGAATTTAACTTACCGGAACATCGTAAGATTGTCGCCTGTGTGGGTCTCTGTCTTCTTCCTCGACTAAATCACCCTTTATGTTGTCAAGTT,69,0.23861546,56,3,5.1,1,0,59,5.1,4385,63,-0.675316,30,0.2804377042,0,0.785793066,0.3395684063,0.7304832935,0.6799552023,0.1624415219
ghandi2016_ci2,Mrf-1,AATGGGGTTTGTGGCGTAACTGG,15,ci2,chr14q:2919457-2919557:+,GTGACGTCATAATGGGGTTTGTGGCGTAACTGGTGAAATAGCT,TCGTGAAGGCGTCCGTTTTTGTGACGTCATAATGGGGTTTGTGGCGTAACTGGTGAAATAGCTGCTGCTGTTGGAGAATATTGAAGAGAGGTCGAGCTCC,14,-1.1897332,65,2,7.1,0,0,40,7.1,4769,57,-0.508897,24,0.2560257164,0,-0.039598614,0.2649012804,0.0610970259,0.0515100569,0.3327813149
ghandi2016_ci2,Mrf-2,GGACGAACTGAAGAGATGCGTGG,32,ci2,chr14q:2919301-2919401:-,TATCGGAACTGGACGAACTGAAGAGATGCGTGGAGGGAAATTA,TCGAGAAGTTTCGGGGGTTTTATCGGAACTGGACGAACTGAAGAGATGCGTGGAGGGAAATTATATCGGAATCGATGCGGAAAAGAGCGATATCTCGATA,95,1.2988152,39,88,5.8,1,0,68,5.8,5027,62,0.173866,81,0.8442273569,84,1.1405774355,1.1391791105,0.9499566555,1.0831115365,0.1622740179
ghandi2016_ci2,Mrf-3,GTAGTGTTGCCGCCCTCCGTCGG,32,ci2,chr14q:2918346-2918446:+,CGTCTCTCTCGTAGTGTTGCCGCCCTCCGTCGGTCGTGTGGCC,GGTTGACACGTTTAAGGCGTCGTCTCTCTCGTAGTGTTGCCGCCCTCCGTCGGTCGTGTGGCCCAGTTTTACGTTTACACGCTTTGCATGCCCATACTAA,34,-0.61960812,56,68,6.5,1,0,52,6.5,5980,67,0.245147,83,0.8570808994,0,1.0612719059,1.0179702044,0.6857613325,0.9399583936,0.1649282128
ghandi2016_ci2,Mrf-4,GCTTAAGGGCGTCGTACGCTTGG,5,ci2,chr14q:2918295-2918395:+,CATGCGCAACGCTTAAGGGCGTCGTACGCTTGGTTGACACGTT,GTCTCTGGTTCGGGTTTGCGCATGCGCAACGCTTAAGGGCGTCGTACGCTTGGTTGACACGTTTAAGGCGTCGTCTCTCTCGTAGTGTTGCCGCCCTCCG,47,-0.3123851,55,8,7.7,0,0,50,7.7,4226,71,-0.354096,49,0.3511947797,0,0.360889256,0.4178949893,0.0904712975,0.2911650151,0.2266340554
ghandi2016_ci2,Neurog-1,TCTTACCATTACGTCTTGTGAGG,23,ci2,chr06q:2011703-2011803:-,CTGGTTTATTTCTTACCATTACGTCTTGTGAGGTCTTTCCTAA,AAAAATAACTTAATATTTAACTGGTTTATTTCTTACCATTACGTCTTGTGAGGTCTTTCCTAAATCAGTATATTGTGCATTCCCGGCTGCGACGTTATAA,85,0.74269974,36,15,8.2,0,0,59,8.2,3905,72,-0.28374,33,0.3255802142,0,0.6124135256,0.477324605,0.775116086,0.6342065096,0.172328949
ghandi2016_ci2,Nk4-1,CGGAAGTGATTCATCCGTACAGG,14,ci2,chr08q:4498726-4498826:-,AGAAAGTCCTCGGAAGTGATTCATCCGTACAGGATCCTCCGAA,CTGCCGGATGTCGGCGGCGGAGAAAGTCCTCGGAAGTGATTCATCCGTACAGGATCCTCCGAATCTTCCGTCTTCATGTTGTTTGTTTGGCGATCCGGAT,17,-1.0816608,59,17,6.1,1,0,50,6.1,4242,80,-0.183021,40,0.3116877083,0,0.5024373531,0.5240805149,0.1461370289,0.3998758882,0.1635509431
ghandi2016_ci2,Nk4-2,GAATCAGTTACTCAAGTCACGGG,46,ci2,chr08q:4498799-4498899:+,CCGGCAGGATGAATCAGTTACTCAAGTCACGGGTAAGTTGTTT,ACTTTCTCCGCCGCCGACATCCGGCAGGATGAATCAGTTACTCAAGTCACGGGTAAGTTGTTTTACTTGTCTCGTTGCTTTAAAAGCAGCTTACGCATGA,41,-0.45016555,57,6,4.2,0,0,59,4.2,3161,83,0.174638,64,0.5812737032,0,0.8848184347,0.8462264538,0.4819722176,0.7562461734,0.1914463043
ghandi2016_ci2,Nk4-3,GAACCAGATCTTGACCTGGGTGG,37,ci2,chr08q:4502391-4502491:-,GACGATTTTGGAACCAGATCTTGACCTGGGTGGAAGTCAGTTT,CATTCGTTTACATTTGTATCGACGATTTTGGAACCAGATCTTGACCTGGGTGGAAGTCAGTTTTAAAATCTGGGCCAGATGTTCTCTTTCCGGAGCAGAC,95,1.3297699,74,19,7.3,1,1,69,7.3,3742,61,-0.117378,78,0.7635162054,75,0.6993085742,1.0882929564,0.8160119057,0.8121164501,0.138266027
ghandi2016_ci2,Nk4-4,ACAAGACAAAACCTTAGAGCTGG,13,ci2,chr08q:4502463-4502563:+,AACGAATGCGACAAGACAAAACCTTAGAGCTGGCCAGTATTGG,AAATCGTCGATACAAATGTAAACGAATGCGACAAGACAAAACCTTAGAGCTGGCCAGTATTGGACCTCCACGAAGAGTTGCAGTTCCTGTTTTAGTTCGC,58,-0.054825809,17,9,6.3,0,0,58,6.3,3645,72,0.700597,81,0.7775385412,0,1.0253175497,0.5398561954,0.5581557155,0.7880767286,0.1040033698
ghandi2016_ci2,Rhodf-4,TCCAGAACGTAGAAATCCGATGG,3,ci2,chr01q:4528316-4528416:-,CTTTCAAGCTTCCAGAACGTAGAAATCCGATGGTCGCCAGAAA,TCTGCTATGACGTCACAAACCTTTCAAGCTTCCAGAACGTAGAAATCCGATGGTCGCCAGAAATCCGCCATTTTTGCCCCCACACGCCTACGATGTTGGT,41,-0.45319921,57,51,4.7,0,0,62,4.7,3889,66,0.509839,72,0.6050690643,73,0.9962365627,0.785525322,0.8069155812,0.8972980201,0.4982037842
ghandi2016_ci2,Tle-b-1,TTAGACTTACCTCTTGTGACAGG,27,ci2,chr04q:5405366-5405466:-,CTGCTGTAATTTAGACTTACCTCTTGTGACAGGTAATGCATCA,CCAGTTAAACGAAAAACTTTCTGCTGTAATTTAGACTTACCTCTTGTGACAGGTAATGCATCACTTGCAATATGATGGCGTGCAATCGCTTTGCTATTTC,13,-1.2209659,22,43,8,0,0,52,8,2971,69,-0.461304,20,0.1189907652,0,0.202988714,0.2134479284,0.3161426187,0.2390267283,0.1968683749
ghandi2016_ci2,Tle-b-2,CACCCGACAGCTCCCATACCCGG,26,ci2,chr04q:5406486-5406586:+,CCAGCTCCACCACCCGACAGCTCCCATACCCGGTATGCCCCAC,CAGGCTCAACAAGGGCAATTCCAGCTCCACCACCCGACAGCTCCCATACCCGGTATGCCCCACCCTCCAGGACTCCCTCCTCCCCCACATCTTCCCTCCT,23,-0.90862201,44,4,4.3,0,0,53,4.3,8259,61,-0.337586,21,0.1447659264,0,0.6479133368,0.6092674732,0.2402356267,0.517880851,0.2573871911
ghandi2016_ci2,Tle-b-3,AGGAGGGAGTCCTGGAGGGTGGG,39,ci2,chr04q:5406497-5406597:-,GATGTGGGGGAGGAGGGAGTCCTGGAGGGTGGGGCATACCGGG,GGCTGCGGAGGAGGAGGGAAGATGTGGGGGAGGAGGGAGTCCTGGAGGGTGGGGCATACCGGGTATGGGAGCTGTCGGGTGGTGGAGCTGGAATTGCCCT,42,-0.41560353,73,1,5.9,1,0,40,5.9,10489,61,0.178693,71,0.7731665786,0,0.7913137078,0.0246096551,0.4467352927,0.5345993727,0.2000368238
ghandi2016_ci2,Tle-b-4,CTTCCCTCCTCCTCCGCAGCCGG,6,ci2,chr04q:5406546-5406646:+,TCCCCCACATCTTCCCTCCTCCTCCGCAGCCGGACTCCTTGCG,CACCCTCCAGGACTCCCTCCTCCCCCACATCTTCCCTCCTCCTCCGCAGCCGGACTCCTTGCGCTCTCCCAGGCTGCTCTGGGCGGAGTGCAACCTCCTC,11,-1.3303002,38,7,4.8,1,0,43,4.8,6576,64,0.041656,22,0.1303108196,0,0.1682808697,0.1260531992,-0.0141341686,0.1051108241,0.1399041712
